<component name="ProjectRunConfigurationManager">
  <configuration default="false" name="igratabase [runIntegrationApp]" type="GradleRunConfiguration" factoryName="Gradle" singleton="false">
    <ExternalSystemSettings>
      <option name="env">
        <map>
          <entry key="-Dserver.port" value="8796" />
        </map>
      </option>
      <option name="executionName" />
      <option name="externalProjectPath" value="$PROJECT_DIR$/../igratabase" />
      <option name="externalSystemIdString" value="GRADLE" />
      <option name="scriptParameters" value="--scan --debug" />
      <option name="taskDescriptions">
        <list />
      </option>
      <option name="taskNames">
        <list>
          <option value="runIntegrationApp" />
        </list>
      </option>
      <option name="vmOptions" />
    </ExternalSystemSettings>
    <ExternalSystemDebugServerProcess>true</ExternalSystemDebugServerProcess>
    <ExternalSystemReattachDebugProcess>true</ExternalSystemReattachDebugProcess>
    <DebugAllEnabled>false</DebugAllEnabled>
    <method v="2" />
  </configuration>
</component>